Warrant_ID,Step,Gas_Used,Compute_Points,Result
warrant_bench_001,Commit,120405,1204,Success
warrant_bench_001,Execute,187652,1876,Success
warrant_bench_002,Commit,120405,1204,Success
warrant_bench_002,Execute,187652,1876,Success
warrant_bench_003,Commit,120405,1204,Success
warrant_bench_003,Execute,187652,1876,Success
warrant_bench_004,Commit,120405,1204,Success
warrant_bench_004,Execute,187652,1876,Success
warrant_bench_005,Commit,120405,1204,Success
warrant_bench_005,Execute,187652,1876,Success
warrant_bench_006,Commit,120405,1204,Success
warrant_bench_006,Execute,187652,1876,Success
warrant_bench_007,Commit,120405,1204,Success
warrant_bench_007,Execute,187652,1876,Success
warrant_bench_008,Commit,120405,1204,Success
warrant_bench_008,Execute,187652,1876,Success
warrant_bench_009,Commit,120405,1204,Success
warrant_bench_009,Execute,187652,1876,Success
warrant_bench_010,Commit,120405,1204,Success
warrant_bench_010,Execute,187652,1876,Success
